,Country/Region,Population,Total Cases,Total Deaths,% of Population With Covid,% of Cases that Result in Death,Tot Cases/1M pop,Deaths/1M pop,Total Tests,Tests/1M pop,WHO Region,Test Rate,Country Test Rate,country_flag
0,USA,331198130,5032179,162804.0,1.519%,3.235%,15194,492.0,63139605.0,190640.0,Americas,0.19063998036462343,0.19063998036462343,High Test Rate
1,Brazil,212710692,2917562,98644.0,1.372%,3.381%,13716,464.0,13206188.0,62085.0,Americas,0.0620852100843149,0.0620852100843149,Medium Test Rate
2,India,1381344997,2025409,41638.0,0.147%,2.056%,1466,30.0,22149351.0,16035.0,South-EastAsia,0.016034626431560457,0.016034626431560457,Lower Test Rate
3,Russia,145940924,871894,14606.0,0.597%,1.675%,5974,100.0,29716907.0,203623.0,Europe,0.203622850846141,0.203622850846141,High Test Rate
4,South Africa,59381566,538184,9604.0,0.906%,1.785%,9063,162.0,3149807.0,53044.0,Africa,0.053043515221541986,0.053043515221541986,Medium Test Rate
5,Mexico,129066160,462690,50517.0,0.358%,10.918%,3585,391.0,1056915.0,8189.0,Americas,0.008188939687986379,0.008188939687986379,Lower Test Rate
6,Peru,33016319,455409,20424.0,1.379%,4.485%,13793,619.0,2493429.0,75521.0,Americas,0.0755211082131839,0.0755211082131839,Medium Test Rate
7,Chile,19132514,366671,9889.0,1.916%,2.697%,19165,517.0,1760615.0,92022.0,Americas,0.09202214617483097,0.09202214617483097,Medium Test Rate
8,Colombia,50936262,357710,11939.0,0.702%,3.338%,7023,234.0,1801835.0,35374.0,Americas,0.03537430760034963,0.03537430760034963,Medium Test Rate
9,Spain,46756648,354530,28500.0,0.758%,8.039%,7582,610.0,7064329.0,151087.0,Europe,0.15108715663278513,0.15108715663278513,High Test Rate
10,Iran,84097623,320117,17976.0,0.381%,5.615%,3806,214.0,2612763.0,31068.0,MiddleEast,0.03106821461529299,0.03106821461529299,Medium Test Rate
11,UK,67922029,308134,46413.0,0.454%,15.063%,4537,683.0,17515234.0,257873.0,Europe,0.25787265571822066,0.25787265571822066,High Test Rate
12,Saudi Arabia,34865919,284226,3055.0,0.815%,1.075%,8152,88.0,3635705.0,104277.0,MiddleEast,0.10427675805705852,0.10427675805705852,High Test Rate
13,Pakistan,221295851,281863,6035.0,0.127%,2.141%,1274,27.0,2058872.0,9304.0,MiddleEast,0.00930370809346986,0.00930370809346986,Lower Test Rate
14,Bangladesh,164851401,249651,3306.0,0.151%,1.324%,1514,20.0,1225124.0,7432.0,South-EastAsia,0.007431686916631057,0.007431686916631057,Lower Test Rate
15,Italy,60452568,249204,35187.0,0.412%,14.120%,4122,582.0,7099713.0,117443.0,Europe,0.11744270317846547,0.11744270317846547,High Test Rate
16,Turkey,84428331,237265,5798.0,0.281%,2.444%,2810,69.0,5081802.0,60191.0,Europe,0.06019071962940971,0.06019071962940971,Medium Test Rate
17,Argentina,45236884,228195,4251.0,0.504%,1.863%,5044,94.0,794544.0,17564.0,Americas,0.0175640744839985,0.0175640744839985,Lower Test Rate
18,Germany,83811260,215210,9252.0,0.257%,4.299%,2568,110.0,8586648.0,102452.0,Europe,0.10245220033680438,0.10245220033680438,High Test Rate
19,France,65288306,195633,30312.0,0.300%,15.494%,2996,464.0,3992206.0,61147.0,Europe,0.06114733624732123,0.06114733624732123,Medium Test Rate
20,Iraq,40306025,140603,5161.0,0.349%,3.671%,3488,128.0,1092741.0,27111.0,MiddleEast,0.027111108078754977,0.027111108078754977,Lower Test Rate
21,Philippines,109722719,119460,2150.0,0.109%,1.800%,1089,20.0,1669996.0,15220.0,WesternPacific,0.015220147798196653,0.015220147798196653,Lower Test Rate
22,Indonesia,273808365,118753,5521.0,0.043%,4.649%,434,20.0,1633156.0,5965.0,South-EastAsia,0.005964594982333721,0.005964594982333721,Lower Test Rate
23,Canada,37775022,118561,8966.0,0.314%,7.562%,3139,237.0,4319172.0,114339.0,Americas,0.11433936424974153,0.11433936424974153,High Test Rate
24,Qatar,2807805,112092,178.0,3.992%,0.159%,39922,63.0,511000.0,181993.0,MiddleEast,0.1819926953616793,0.1819926953616793,High Test Rate
25,Kazakhstan,18798667,95942,1058.0,0.510%,1.103%,5104,56.0,2163713.0,115099.0,Europe,0.11509927804987449,0.11509927804987449,High Test Rate
26,Egypt,102516525,95006,4951.0,0.093%,5.211%,927,48.0,135000.0,1317.0,MiddleEast,0.0013168608670650903,0.0013168608670650903,Lower Test Rate
27,Ecuador,17668824,90537,5877.0,0.512%,6.491%,5124,333.0,258582.0,14635.0,Americas,0.014634929862904288,0.014634929862904288,Lower Test Rate
28,Bolivia,11688459,86423,3465.0,0.739%,4.009%,7394,296.0,183583.0,15706.0,Americas,0.015706347603221264,0.015706347603221264,Lower Test Rate
29,Sweden,10105596,81967,5766.0,0.811%,7.035%,8111,571.0,863315.0,85429.0,Europe,0.08542939971081369,0.08542939971081369,Medium Test Rate
30,Oman,5118446,80713,492.0,1.577%,0.610%,15769,96.0,309212.0,60411.0,MiddleEast,0.060411304524849926,0.060411304524849926,Medium Test Rate
31,Israel,9197590,79559,576.0,0.865%,0.724%,8650,63.0,1872453.0,203581.0,Europe,0.20358082932594299,0.20358082932594299,High Test Rate
32,Ukraine,43705858,76808,1819.0,0.176%,2.368%,1757,42.0,1116641.0,25549.0,Europe,0.025549000776966785,0.025549000776966785,Lower Test Rate
33,Dominican Republic,10858648,76536,1246.0,0.705%,1.628%,7048,115.0,281926.0,25963.0,Americas,0.025963269092063763,0.025963269092063763,Lower Test Rate
34,Panama,4321282,71418,1574.0,1.653%,2.204%,16527,364.0,240995.0,55769.0,Americas,0.05576932956469863,0.05576932956469863,Medium Test Rate
35,Belgium,11594739,71158,9859.0,0.614%,13.855%,6137,850.0,1767120.0,152407.0,Europe,0.15240705288838327,0.15240705288838327,High Test Rate
36,Kuwait,4276658,70045,469.0,1.638%,0.670%,16378,110.0,522200.0,122105.0,MiddleEast,0.12210469015759502,0.12210469015759502,High Test Rate
37,Belarus,9449001,68503,580.0,0.725%,0.847%,7250,61.0,1344303.0,142269.0,Europe,0.1422693256144221,0.1422693256144221,High Test Rate
38,UAE,9902079,61845,354.0,0.625%,0.572%,6246,36.0,5262658.0,531470.0,MiddleEast,0.5314700074600496,0.5314700074600496,High Test Rate
39,Romania,19224023,57895,2566.0,0.301%,4.432%,3012,133.0,1319369.0,68631.0,Europe,0.06863126412197905,0.06863126412197905,Medium Test Rate
40,Netherlands,17138756,56982,6153.0,0.332%,10.798%,3325,359.0,1079860.0,63007.0,Europe,0.06300690668564277,0.06300690668564277,Medium Test Rate
41,Singapore,5854932,54555,27.0,0.932%,0.049%,9318,5.0,1474372.0,251817.0,WesternPacific,0.2518171005231145,0.2518171005231145,High Test Rate
42,Guatemala,17946899,54339,2119.0,0.303%,3.900%,3028,118.0,172712.0,9624.0,Americas,0.00962350097362224,0.00962350097362224,Lower Test Rate
43,Portugal,10193593,52061,1743.0,0.511%,3.348%,5107,171.0,1705474.0,167308.0,Europe,0.16730842598875587,0.16730842598875587,High Test Rate
44,Poland,37842302,49515,1774.0,0.131%,3.583%,1308,47.0,2374686.0,62752.0,Europe,0.06275215498253779,0.06275215498253779,Medium Test Rate
45,Nigeria,206606300,45244,930.0,0.022%,2.056%,219,5.0,306894.0,1485.0,Africa,0.0014854048497069062,0.0014854048497069062,Lower Test Rate
46,Honduras,9919704,45098,1423.0,0.455%,3.155%,4546,143.0,109292.0,11018.0,Americas,0.01101766746265816,0.01101766746265816,Lower Test Rate
47,Bahrain,1706669,42889,156.0,2.513%,0.364%,25130,91.0,876700.0,513691.0,MiddleEast,0.5136907039384907,0.5136907039384907,High Test Rate
48,Japan,126435859,42263,1026.0,0.033%,2.428%,334,8.0,938739.0,7425.0,WesternPacific,0.007424626268406971,0.007424626268406971,Lower Test Rate
49,Armenia,2963811,39819,772.0,1.344%,1.939%,13435,260.0,171600.0,57898.0,Europe,0.057898428745962544,0.057898428745962544,Medium Test Rate
50,Ghana,31133483,39642,199.0,0.127%,0.502%,1273,6.0,405817.0,13035.0,Africa,0.013034744618840109,0.013034744618840109,Lower Test Rate
51,Kyrgyzstan,6534479,38659,1447.0,0.592%,3.743%,5916,221.0,267718.0,40970.0,Europe,0.0409700605052063,0.0409700605052063,Medium Test Rate
52,Afghanistan,39009447,36896,1298.0,0.095%,3.518%,946,33.0,90396.0,2317.0,MiddleEast,0.0023172848361577647,0.0023172848361577647,Lower Test Rate
53,Switzerland,8660952,36108,1985.0,0.417%,5.497%,4169,229.0,822764.0,94997.0,Europe,0.09499694721781163,0.09499694721781163,Medium Test Rate
54,Algeria,43926079,33626,1273.0,0.077%,3.786%,766,29.0,,,Africa,,,
55,Azerbaijan,10148243,33247,479.0,0.328%,1.441%,3276,47.0,766179.0,75499.0,Europe,0.07549868484623397,0.07549868484623397,Medium Test Rate
56,Morocco,36953359,29644,449.0,0.080%,1.515%,802,12.0,1383816.0,37448.0,MiddleEast,0.037447637710011694,0.037447637710011694,Medium Test Rate
57,Uzbekistan,33516027,28315,175.0,0.084%,0.618%,845,5.0,1377915.0,41112.0,Europe,0.04111212226914604,0.04111212226914604,Medium Test Rate
58,Serbia,8733665,27332,621.0,0.313%,2.272%,3129,71.0,723137.0,82799.0,Europe,0.08279880210656122,0.08279880210656122,Medium Test Rate
59,Moldova,4032983,26628,828.0,0.660%,3.110%,6603,205.0,128076.0,31757.0,Europe,0.031757138574598505,0.031757138574598505,Medium Test Rate
60,Ireland,4943200,26372,1768.0,0.534%,6.704%,5335,358.0,652917.0,132084.0,Europe,0.13208387279495065,0.13208387279495065,High Test Rate
61,Kenya,53881160,24411,399.0,0.045%,1.635%,453,7.0,335318.0,6223.0,Africa,0.006223288436997273,0.006223288436997273,Lower Test Rate
62,Venezuela,28427499,22299,195.0,0.078%,0.874%,784,7.0,1567431.0,55138.0,Americas,0.055137843818058,0.055137843818058,Medium Test Rate
63,Nepal,29186486,21750,65.0,0.075%,0.299%,745,2.0,731977.0,25079.0,South-EastAsia,0.02507931239135811,0.02507931239135811,Lower Test Rate
64,Austria,9011577,21696,719.0,0.241%,3.314%,2408,80.0,937275.0,104008.0,Europe,0.10400787786643781,0.10400787786643781,High Test Rate
65,Costa Rica,5098730,21070,200.0,0.413%,0.949%,4132,39.0,96110.0,18850.0,Americas,0.0188497920070292,0.0188497920070292,Lower Test Rate
66,Ethiopia,115223736,20900,365.0,0.018%,1.746%,181,3.0,468814.0,4069.0,Africa,0.004068727644797075,0.004068727644797075,Lower Test Rate
67,Australia,25528864,19890,255.0,0.078%,1.282%,779,10.0,4631419.0,181419.0,WesternPacific,0.18141892251844813,0.18141892251844813,High Test Rate
68,El Salvador,6489514,19126,513.0,0.295%,2.682%,2947,79.0,251271.0,38720.0,Americas,0.03871954047714513,0.03871954047714513,Medium Test Rate
69,Czechia,10711019,17731,390.0,0.166%,2.200%,1655,36.0,728670.0,68030.0,Europe,0.06802994187574497,0.06802994187574497,Medium Test Rate
70,Cameroon,26606188,17718,391.0,0.067%,2.207%,666,15.0,149000.0,5600.0,Africa,0.0056002009758030725,0.0056002009758030725,Lower Test Rate
71,Ivory Coast,26437950,16447,103.0,0.062%,0.626%,622,4.0,104584.0,3956.0,Africa,0.0039558286478338905,0.0039558286478338905,Lower Test Rate
72,S. Korea,51273732,14519,303.0,0.028%,2.087%,283,6.0,1613652.0,31471.0,WesternPacific,0.031471319466271734,0.031471319466271734,Medium Test Rate
73,Denmark,5794279,14306,617.0,0.247%,4.313%,2469,106.0,1654512.0,285542.0,Europe,0.28554234271425316,0.28554234271425316,High Test Rate
74,Palestine,5112340,13398,92.0,0.262%,0.687%,2621,18.0,200280.0,39176.0,MiddleEast,0.039175798166788595,0.039175798166788595,Medium Test Rate
75,Bosnia and Herzegovina,3278650,13396,384.0,0.409%,2.867%,4086,117.0,147021.0,44842.0,Europe,0.04484193189269974,0.04484193189269974,Medium Test Rate
76,Bulgaria,6942854,13014,435.0,0.187%,3.343%,1874,63.0,294087.0,42358.0,Europe,0.04235822905105019,0.04235822905105019,Medium Test Rate
77,Madagascar,27755708,12526,134.0,0.045%,1.070%,451,5.0,46301.0,1668.0,Africa,0.001668161374229762,0.001668161374229762,Lower Test Rate
78,Sudan,43943536,11780,763.0,0.027%,6.477%,268,17.0,401.0,9.0,MiddleEast,9.12534667214764e-06,9.12534667214764e-06,Lower Test Rate
79,North Macedonia,2083365,11399,517.0,0.547%,4.535%,5471,248.0,109946.0,52773.0,Europe,0.05277327784617674,0.05277327784617674,Medium Test Rate
80,Senegal,16783877,10715,223.0,0.064%,2.081%,638,13.0,114761.0,6838.0,Africa,0.006837573940752783,0.006837573940752783,Lower Test Rate
81,Norway,5425471,9468,256.0,0.175%,2.704%,1745,47.0,472841.0,87152.0,Europe,0.08715206477004485,0.08715206477004485,Medium Test Rate
82,DRC,89802183,9309,215.0,0.010%,2.310%,104,2.0,,,Africa,,,
83,Malaysia,32406372,9038,125.0,0.028%,1.383%,279,4.0,991333.0,30591.0,WesternPacific,0.03059068136352937,0.03059068136352937,Medium Test Rate
84,French Guiana,299385,8127,47.0,2.715%,0.578%,27146,157.0,41412.0,138324.0,Americas,0.1383235633047748,0.1383235633047748,High Test Rate
85,Gabon,2230563,7787,51.0,0.349%,0.655%,3491,23.0,85369.0,38272.0,Africa,0.038272400286385094,0.038272400286385094,Medium Test Rate
86,Tajikistan,9557468,7665,62.0,0.080%,0.809%,802,6.0,,,Europe,,,
87,Guinea,13164905,7664,49.0,0.058%,0.639%,582,4.0,14407.0,1094.0,Africa,0.001094348952764946,0.001094348952764946,Lower Test Rate
88,Haiti,11416103,7544,171.0,0.066%,2.267%,661,15.0,18443.0,1616.0,Americas,0.001615525017600139,0.001615525017600139,Lower Test Rate
89,Finland,5541604,7532,331.0,0.136%,4.395%,1359,60.0,389500.0,70287.0,Europe,0.07028650910458416,0.07028650910458416,Medium Test Rate
90,Zambia,18430129,7164,199.0,0.039%,2.778%,389,11.0,90307.0,4900.0,Africa,0.00489996570289877,0.00489996570289877,Lower Test Rate
91,Luxembourg,626952,7073,119.0,1.128%,1.682%,11282,190.0,623994.0,995282.0,Europe,0.9952819354591739,0.9952819354591739,High Test Rate
92,Mauritania,4660728,6444,157.0,0.138%,2.436%,1383,34.0,57387.0,12313.0,Africa,0.01231288330921693,0.01231288330921693,Lower Test Rate
93,Paraguay,7141091,6375,66.0,0.089%,1.035%,893,9.0,135277.0,18943.0,Americas,0.018943463960898972,0.018943463960898972,Lower Test Rate
94,Albania,2877470,6016,188.0,0.209%,3.125%,2091,65.0,38997.0,13553.0,Europe,0.013552530521604048,0.013552530521604048,Lower Test Rate
95,Lebanon,6822220,5672,70.0,0.083%,1.234%,831,10.0,345268.0,50609.0,MiddleEast,0.050609332446036624,0.050609332446036624,Medium Test Rate
96,Croatia,4102577,5404,155.0,0.132%,2.868%,1317,38.0,125317.0,30546.0,Europe,0.030545922721255444,0.030545922721255444,Medium Test Rate
97,Djibouti,989387,5330,59.0,0.539%,1.107%,5387,60.0,59909.0,60552.0,MiddleEast,0.060551634496915765,0.060551634496915765,Medium Test Rate
98,Greece,10417673,5123,210.0,0.049%,4.099%,492,20.0,619393.0,59456.0,Europe,0.05945598407629036,0.05945598407629036,Medium Test Rate
99,Libya,6880353,4879,107.0,0.071%,2.193%,709,16.0,59699.0,8677.0,MiddleEast,0.008676735045425722,0.008676735045425722,Lower Test Rate
100,Equatorial Guinea,1407001,4821,83.0,0.343%,1.722%,3426,59.0,44356.0,31525.0,Africa,0.03152520858194131,0.03152520858194131,Medium Test Rate
101,Maldives,541448,4680,19.0,0.864%,0.406%,8643,35.0,85587.0,158071.0,South-EastAsia,0.15807058110843517,0.15807058110843517,High Test Rate
102,CAR,4837752,4620,59.0,0.095%,1.277%,955,12.0,29589.0,6116.0,Africa,0.006116270532263745,0.006116270532263745,Lower Test Rate
103,Hungary,9657785,4597,600.0,0.048%,13.052%,476,62.0,352546.0,36504.0,Europe,0.0365038153158307,0.0365038153158307,Medium Test Rate
104,Malawi,19174839,4491,137.0,0.023%,3.051%,234,7.0,33466.0,1745.0,Africa,0.0017453080049329229,0.0017453080049329229,Lower Test Rate
105,Zimbabwe,14883803,4339,84.0,0.029%,1.936%,292,6.0,140421.0,9434.0,Africa,0.009434483915166037,0.009434483915166037,Lower Test Rate
106,Nicaragua,6632263,3902,123.0,0.059%,3.152%,588,19.0,,,Americas,,,
107,Hong Kong,7503041,3850,46.0,0.051%,1.195%,513,6.0,692430.0,92287.0,WesternPacific,0.09228658086767752,0.09228658086767752,Medium Test Rate
108,Congo,5530506,3546,58.0,0.064%,1.636%,641,10.0,,,Africa,,,
109,Montenegro,628074,3480,60.0,0.554%,1.724%,5541,96.0,38427.0,61182.0,Europe,0.061182281068791255,0.061182281068791255,Medium Test Rate
110,Thailand,69817894,3330,58.0,0.005%,1.742%,48,0.8,749213.0,10731.0,South-EastAsia,0.010730959601846484,0.010730959601846484,Lower Test Rate
111,Somalia,15933012,3227,93.0,0.020%,2.882%,203,6.0,,,MiddleEast,,,
112,Mayotte,273419,3042,39.0,1.113%,1.282%,11126,143.0,13000.0,47546.0,Africa,0.047546073974376324,0.047546073974376324,Medium Test Rate
113,Eswatini,1161348,2968,55.0,0.256%,1.853%,2556,47.0,20784.0,17896.0,Africa,0.017896444476590997,0.017896444476590997,Lower Test Rate
114,Sri Lanka,21422362,2839,11.0,0.013%,0.387%,133,0.5,166737.0,7783.0,South-EastAsia,0.007783315397247045,0.007783315397247045,Lower Test Rate
115,Cuba,11325899,2775,88.0,0.025%,3.171%,245,8.0,285471.0,25205.0,Americas,0.02520515148510507,0.02520515148510507,Lower Test Rate
116,Cabo Verde,556581,2734,27.0,0.491%,0.988%,4912,49.0,61633.0,110735.0,Africa,0.11073500532716711,0.11073500532716711,High Test Rate
117,Namibia,2545264,2652,15.0,0.104%,0.566%,1042,6.0,29233.0,11485.0,Africa,0.01148525261033826,0.01148525261033826,Lower Test Rate
118,Mali,20302901,2552,124.0,0.013%,4.859%,126,6.0,25152.0,1239.0,Africa,0.0012388377404785652,0.0012388377404785652,Lower Test Rate
119,Slovakia,5459915,2480,29.0,0.045%,1.169%,454,5.0,272322.0,49877.0,Europe,0.0498766006430503,0.0498766006430503,Medium Test Rate
120,South Sudan,11206572,2450,47.0,0.022%,1.918%,219,4.0,12044.0,1075.0,Africa,0.0010747265086950763,0.0010747265086950763,Lower Test Rate
121,Slovenia,2078968,2223,125.0,0.107%,5.623%,1069,60.0,135702.0,65274.0,Europe,0.0652737319670144,0.0652737319670144,Medium Test Rate
122,Lithuania,2718121,2171,81.0,0.080%,3.731%,799,30.0,540784.0,198955.0,Europe,0.19895508698840117,0.19895508698840117,High Test Rate
123,Estonia,1326627,2124,63.0,0.160%,2.966%,1601,47.0,122880.0,92626.0,Europe,0.09262588504530662,0.09262588504530662,Medium Test Rate
124,Mozambique,31333962,2120,15.0,0.007%,0.708%,68,0.5,65151.0,2079.0,Africa,0.002079245516414426,0.002079245516414426,Lower Test Rate
125,Rwanda,12981546,2111,5.0,0.016%,0.237%,163,0.4,286251.0,22051.0,Africa,0.022050609380423563,0.022050609380423563,Lower Test Rate
126,Suriname,587154,2096,29.0,0.357%,1.384%,3570,49.0,2785.0,4743.0,Americas,0.004743218985138482,0.004743218985138482,Lower Test Rate
127,Guinea-Bissau,1972277,2032,27.0,0.103%,1.329%,1030,14.0,1500.0,761.0,Africa,0.0007605422564883127,0.0007605422564883127,Lower Test Rate
128,Benin,12151976,1936,38.0,0.016%,1.963%,159,3.0,93677.0,7709.0,Africa,0.007708787443293173,0.007708787443293173,Lower Test Rate
129,Iceland,341465,1930,10.0,0.565%,0.518%,5652,29.0,149693.0,438385.0,Europe,0.4383846075000366,0.4383846075000366,High Test Rate
130,Sierra Leone,7992169,1877,67.0,0.023%,3.570%,235,8.0,,,Africa,,,
131,Yemen,29886897,1768,508.0,0.006%,28.733%,59,17.0,120.0,4.0,MiddleEast,4.015137469774798e-06,4.015137469774798e-06,Lower Test Rate
132,Tunisia,11830801,1642,51.0,0.014%,3.106%,139,4.0,100298.0,8478.0,MiddleEast,0.008477701552075806,0.008477701552075806,Lower Test Rate
133,New Zealand,5002100,1569,22.0,0.031%,1.402%,314,4.0,486943.0,97348.0,WesternPacific,0.09734771396013674,0.09734771396013674,Medium Test Rate
134,Angola,32956300,1483,64.0,0.004%,4.316%,45,2.0,64747.0,1965.0,Africa,0.0019646319520091756,0.0019646319520091756,Lower Test Rate
135,Uruguay,3474956,1318,37.0,0.038%,2.807%,379,11.0,126956.0,36535.0,Americas,0.036534563315334063,0.036534563315334063,Medium Test Rate
136,Latvia,1883936,1275,32.0,0.068%,2.510%,677,17.0,207909.0,110359.0,Europe,0.11035884446180762,0.11035884446180762,High Test Rate
137,Jordan,10213138,1232,11.0,0.012%,0.893%,121,1.0,628745.0,61562.0,MiddleEast,0.061562371917426355,0.061562371917426355,Medium Test Rate
138,Liberia,5068618,1224,78.0,0.024%,6.373%,241,15.0,,,Africa,,,
139,Uganda,45867852,1223,5.0,0.003%,0.409%,27,0.1,288367.0,6287.0,Africa,0.006286908748201246,0.006286908748201246,Lower Test Rate
140,Cyprus,1208238,1208,19.0,0.100%,1.573%,1000,16.0,216597.0,179267.0,Europe,0.17926683319014963,0.17926683319014963,High Test Rate
141,Georgia,3988368,1206,17.0,0.030%,1.410%,302,4.0,240473.0,60294.0,Europe,0.06029358374152034,0.06029358374152034,Medium Test Rate
142,Burkina Faso,20954852,1158,54.0,0.006%,4.663%,55,3.0,,,Africa,,,
143,Niger,24281433,1153,69.0,0.005%,5.984%,47,3.0,9052.0,373.0,Africa,0.0003727951311605044,0.0003727951311605044,Lower Test Rate
144,Togo,8296582,1012,22.0,0.012%,2.174%,122,3.0,45767.0,5516.0,Africa,0.00551636806578902,0.00551636806578902,Lower Test Rate
145,Syria,17539600,999,48.0,0.006%,4.805%,57,3.0,,,MiddleEast,,,
146,Jamaica,2962478,958,12.0,0.032%,1.253%,323,4.0,41840.0,14123.0,Americas,0.014123311633031536,0.014123311633031536,Lower Test Rate
147,Malta,441663,946,9.0,0.214%,0.951%,2142,20.0,136713.0,309541.0,Europe,0.3095414377025017,0.3095414377025017,High Test Rate
148,Andorra,77278,944,52.0,1.222%,5.508%,12216,673.0,3750.0,48526.0,Europe,0.048526100571960974,0.048526100571960974,Medium Test Rate
149,Chad,16467965,942,76.0,0.006%,8.068%,57,5.0,,,Africa,,,
150,Gambia,2422754,935,16.0,0.039%,1.711%,386,7.0,5183.0,2139.0,Africa,0.0021393009773175487,0.0021393009773175487,Lower Test Rate
151,Sao Tome and Principe,219544,878,15.0,0.400%,1.708%,3999,68.0,3079.0,14025.0,Africa,0.014024523557920053,0.014024523557920053,Lower Test Rate
152,Botswana,2356075,804,2.0,0.034%,0.249%,341,0.8,68423.0,29041.0,Africa,0.02904109589041096,0.02904109589041096,Lower Test Rate
153,Bahamas,393616,761,14.0,0.193%,1.840%,1933,36.0,4814.0,12230.0,Americas,0.012230193894557132,0.012230193894557132,Lower Test Rate
154,Vietnam,97425470,747,10.0,0.001%,1.339%,8,0.1,482456.0,4952.0,WesternPacific,0.004952052066056238,0.004952052066056238,Lower Test Rate
155,Lesotho,2143943,742,23.0,0.035%,3.100%,346,11.0,8771.0,4091.0,Africa,0.0040910602567325715,0.0040910602567325715,Lower Test Rate
156,San Marino,33938,699,42.0,2.060%,6.009%,20596,1238.0,6068.0,178797.0,Europe,0.17879662914726854,0.17879662914726854,High Test Rate
157,Réunion,895952,671,5.0,0.075%,0.745%,749,6.0,35419.0,39532.0,Africa,0.03953225172777113,0.03953225172777113,Medium Test Rate
158,Channel Islands,174022,597,47.0,0.343%,7.873%,3431,270.0,30721.0,176535.0,Europe,0.17653515072806886,0.17653515072806886,High Test Rate
159,Guyana,786936,538,22.0,0.068%,4.089%,684,28.0,5165.0,6563.0,Americas,0.00656343082537843,0.00656343082537843,Lower Test Rate
160,Tanzania,59886383,509,21.0,0.001%,4.126%,8,0.4,,,Africa,,,
161,Taiwan,23821199,477,7.0,0.002%,1.468%,20,0.3,82737.0,3473.0,WesternPacific,0.003473250863653001,0.003473250863653001,Lower Test Rate
162,Comoros,871326,396,7.0,0.045%,1.768%,454,8.0,,,Africa,,,
163,Burundi,11922216,395,1.0,0.003%,0.253%,33,0.08,15614.0,1310.0,Africa,0.001309655855924771,0.001309655855924771,Lower Test Rate
164,Myanmar,54446389,357,6.0,0.001%,1.681%,7,0.1,122290.0,2246.0,South-EastAsia,0.0022460626360363404,0.0022460626360363404,Lower Test Rate
165,Mauritius,1271985,344,10.0,0.027%,2.907%,270,8.0,205285.0,161389.0,Africa,0.16138948179420354,0.16138948179420354,High Test Rate
166,Isle of Man,85078,336,24.0,0.395%,7.143%,3949,282.0,8627.0,101401.0,Europe,0.10140106725592986,0.10140106725592986,High Test Rate
167,Mongolia,3283344,293,,0.009%,0.000%,89,,38334.0,11675.0,WesternPacific,0.011675292019355877,0.011675292019355877,Lower Test Rate
168,Eritrea,3551175,282,,0.008%,0.000%,79,,,,Africa,,,
169,Guadeloupe,400131,279,14.0,0.070%,5.018%,697,35.0,18476.0,46175.0,Americas,0.04617487772754423,0.04617487772754423,Medium Test Rate
170,Martinique,375235,276,15.0,0.074%,5.435%,736,40.0,12227.0,32585.0,Americas,0.032584913454235344,0.032584913454235344,Medium Test Rate
171,Faeroe Islands,48882,266,,0.544%,0.000%,5442,,43045.0,880590.0,Europe,0.8805899922261773,0.8805899922261773,High Test Rate
172,Aruba,106812,263,3.0,0.246%,1.141%,2462,28.0,14047.0,131511.0,Americas,0.13151144066209788,0.13151144066209788,High Test Rate
173,Cambodia,16741375,243,,0.001%,0.000%,15,,67807.0,4050.0,WesternPacific,0.004050264688533648,0.004050264688533648,Lower Test Rate
174,Trinidad and Tobago,1399950,210,8.0,0.015%,3.810%,150,6.0,9559.0,6828.0,Americas,0.006828101003607272,0.006828101003607272,Lower Test Rate
175,Cayman Islands,65798,203,1.0,0.309%,0.493%,3085,15.0,31108.0,472780.0,Americas,0.47278032766953404,0.47278032766953404,High Test Rate
176,Gibraltar,33690,190,,0.564%,0.000%,5640,,23063.0,684565.0,Europe,0.6845651528643515,0.6845651528643515,High Test Rate
177,Papua New Guinea,8963009,163,3.0,0.002%,1.840%,18,0.3,10808.0,1206.0,WesternPacific,0.001205845046010776,0.001205845046010776,Lower Test Rate
178,Sint Maarten,42924,160,16.0,0.373%,10.000%,3728,373.0,1115.0,25976.0,Americas,0.02597614388221042,0.02597614388221042,Lower Test Rate
179,Bermuda,62254,157,9.0,0.252%,5.732%,2522,145.0,26352.0,423298.0,Americas,0.4232981013268224,0.4232981013268224,High Test Rate
180,Brunei ,437893,141,3.0,0.032%,2.128%,322,7.0,41148.0,93968.0,South-EastAsia,0.09396816117179312,0.09396816117179312,Medium Test Rate
181,Barbados,287411,133,7.0,0.046%,5.263%,463,24.0,12233.0,42563.0,Americas,0.04256274116161177,0.04256274116161177,Medium Test Rate
182,Turks and Caicos,38768,129,2.0,0.333%,1.550%,3327,52.0,1252.0,32295.0,Americas,0.032294676021461,0.032294676021461,Medium Test Rate
183,Seychelles,98408,126,,0.128%,0.000%,1280,,,,Africa,,,
184,Monaco,39270,125,4.0,0.318%,3.200%,3183,102.0,38209.0,972982.0,Europe,0.9729819200407436,0.9729819200407436,High Test Rate
185,Bhutan,772443,105,,0.014%,0.000%,136,,54589.0,70671.0,South-EastAsia,0.07067058669701194,0.07067058669701194,Medium Test Rate
186,Antigua and Barbuda,98010,92,3.0,0.094%,3.261%,939,31.0,1500.0,15305.0,Americas,0.015304560759106214,0.015304560759106214,Lower Test Rate
187,Liechtenstein,38139,89,1.0,0.233%,1.124%,2334,26.0,900.0,23598.0,Europe,0.023597891921654998,0.023597891921654998,Lower Test Rate
188,Belize,398312,86,2.0,0.022%,2.326%,216,5.0,3679.0,9236.0,Americas,0.009236477936893691,0.009236477936893691,Lower Test Rate
189,French Polynesia,281072,64,,0.023%,0.000%,228,,5849.0,20810.0,WesternPacific,0.02080961461831844,0.02080961461831844,Lower Test Rate
190,St. Vincent Grenadines,110976,56,,0.050%,0.000%,505,,2447.0,22050.0,Americas,0.022049812572087657,0.022049812572087657,Lower Test Rate
191,Saint Martin,38729,53,3.0,0.137%,5.660%,1368,77.0,1183.0,30546.0,Americas,0.030545585994990833,0.030545585994990833,Medium Test Rate
192,Macao,650193,46,,0.007%,0.000%,71,,4071.0,6261.0,South-EastAsia,0.006261217823015627,0.006261217823015627,Lower Test Rate
193,Curaçao,164161,31,1.0,0.019%,3.226%,189,6.0,1080.0,6579.0,Americas,0.006578907292231407,0.006578907292231407,Lower Test Rate
194,Fiji,897095,27,1.0,0.003%,3.704%,30,1.0,6693.0,7461.0,WesternPacific,0.007460748304248714,0.007460748304248714,Lower Test Rate
195,Saint Lucia,183712,25,,0.014%,0.000%,136,,3895.0,21202.0,Americas,0.021201663473262498,0.021201663473262498,Lower Test Rate
196,Timor-Leste,1320812,25,,0.002%,0.000%,19,,4238.0,3209.0,South-EastAsia,0.003208632265606309,0.003208632265606309,Lower Test Rate
197,Grenada,112576,24,,0.021%,0.000%,213,,6252.0,55536.0,Americas,0.05553581580443434,0.05553581580443434,Medium Test Rate
198,New Caledonia,285769,22,,0.008%,0.000%,77,,11099.0,38839.0,WesternPacific,0.038839062319565805,0.038839062319565805,Medium Test Rate
199,Laos,7285750,20,,0.000%,0.000%,3,,29374.0,4032.0,WesternPacific,0.004031705726932711,0.004031705726932711,Lower Test Rate
200,Dominica,72004,18,,0.025%,0.000%,250,,1005.0,13958.0,Americas,0.013957557913449253,0.013957557913449253,Lower Test Rate
201,Saint Kitts and Nevis,53237,17,,0.032%,0.000%,319,,1146.0,21526.0,Americas,0.02152638202753724,0.02152638202753724,Lower Test Rate
202,Greenland,56780,14,,0.025%,0.000%,247,,5977.0,105266.0,Europe,0.10526593871081366,0.10526593871081366,High Test Rate
203,Montserrat,4992,13,1.0,0.260%,7.692%,2604,200.0,61.0,12220.0,Americas,0.012219551282051282,0.012219551282051282,Lower Test Rate
204,Caribbean Netherlands,26247,13,,0.050%,0.000%,495,,424.0,16154.0,Americas,0.0161542271497695,0.0161542271497695,Lower Test Rate
205,Falkland Islands,3489,13,,0.373%,0.000%,3726,,1816.0,520493.0,Americas,0.5204929779306392,0.5204929779306392,High Test Rate
206,Vatican City,801,12,,1.498%,0.000%,14981,,,,Europe,,,
207,Western Sahara,598682,10,1.0,0.002%,10.000%,17,2.0,,,Africa,,,
